2000,Mallory,Pharmex
2001,Dana,Austex
2002,Deleon,Comtour
2003,Merrill,Entropix
2004,Robles,Maxemia
2005,Webb,Rocklogic
2006,Rogers,Prismatic
2007,Marianne,Exerta
2008,Maribel,Retrotex
2009,Dollie,Chorizon
2010,Trudy,Zilidium
2011,Cole,Aquafire
2012,Nunez,Solaren
2013,Haney,Kenegy
2014,Eunice,Ohmnet
2015,Fletcher,Snowpoke
2016,Jacquelyn,Bostonic
2017,Jordan,Bluegrain
2018,Harvey,Quilk
2019,Wilkins,Comvex
2020,Carlson,Exposa
2021,Susan,Eargo
2022,Dale,Enervate
2023,Annette,Krag
2024,Griffith,Zialactic
2025,Luella,Vendblend
2026,Parsons,Xixan
2027,Ernestine,Jasper
2028,Susana,Centice
2029,Murray,Xth
2030,Burnett,Songlines
2031,Underwood,Quarmony
2032,Hayes,Neocent
2033,Tate,Xurban
2034,Deann,Panzent
2035,Spears,Qualitex
2036,Spencer,Musanpoly
2037,Shaw,Ginkogene
2038,Mosley,Earwax
2039,Hahn,Xymonk
2040,Angeline,Uberlux
2041,Maynard,Securia
2042,Mckay,Datagen
2043,Lyons,Springbee
2044,Ward,Frosnex
2045,Yang,Geologix
2046,Flossie,Squish
2047,Lucinda,Deviltoe
2048,Eula,Geekfarm
2049,Ola,Balooba
2050,Aileen,Oronoko
2051,Sheryl,Escenta
2052,Janice,Insource
2053,Gomez,Phormula
2054,Malinda,Locazone
2055,Bettye,Sarasonic
2056,Shelton,Dentrex
2057,Chan,Ziggles
2058,Knowles,Primordia
2059,Hatfield,Comstar
2060,Tammie,Exoswitch
2061,Carolina,Zosis
2062,Reba,Entroflex
2063,Snyder,Gink
2064,Roslyn,Comtract
2065,Elena,Asimiline
2066,Shields,Biflex
2067,Patton,Corecom
2068,Concetta,Applideck
2069,Deana,Zenthall
2070,Mollie,Geoform
2071,Rosemary,Gonkle
2072,Clay,Ramjob
2073,Allie,Limage
2074,Sheri,Unq
2075,Shana,Musix
2076,Beryl,Pharmacon
2077,Simmons,Songbird
2078,Lessie,Bullzone
2079,Rosa,Skybold
2080,Juana,Tsunamia
2081,Deloris,Isosphere
2082,Jewel,Momentia
2083,Candy,Eplosion
2084,Cox,Cincyr
2085,Glenna,Earthmark
2086,Aguirre,Synkgen
2087,Heath,Xylar
2088,Joann,Earthplex
2089,Talley,Dymi
2090,Joan,Comvey
2091,Dale,Moreganic
2092,Wheeler,Comcubine
2093,Rhea,Signity
2094,Chaney,Biolive
2095,Dejesus,Pholio
2096,Eaton,Marketoid
2097,Cheri,Rameon
2098,Craft,Norali
2099,Juliet,Xsports
2100,Mccall,Plasto
2101,Battle,Tetratrex
2102,Jacqueline,Gleamink
2103,Doyle,Ginkle
2104,Pickett,Tersanki
2105,Nannie,Talkalot
2106,Darcy,Codax
2107,Ilene,Futuris
2108,Leona,Cubix
2109,Marks,Vinch
2110,Harding,Exospace
2111,Bolton,Comveyor
2112,Katy,Cablam
2113,Mooney,Hydrocom
2114,Byrd,Ewaves
2115,Hattie,Elita
2116,Rochelle,Melbacor
2117,Alissa,Matrixity
2118,Nancy,Netur
2119,Melinda,Senmao
2120,Celeste,Comtrail
2121,Barbra,Exodoc
2122,Scott,Prosure
2123,Carroll,Fiberox
2124,Burke,Hopeli
2125,Georgina,Tubesys
2126,Celia,Chillium
2127,Lesa,Overfork
2128,Lela,Enersol
2129,Long,Kneedles
2130,Young,Nutralab
2131,Zimmerman,Plasmosis
2132,Noreen,Pheast
2133,Alisha,Mantro
2134,Noel,Acruex
2135,Aurora,Undertap
2136,Medina,Utarian
2137,Pansy,Envire
2138,Powell,Intradisk
2139,Christina,Concility
2140,Gamble,Exotechno
2141,Lynn,Snips
2142,Boone,Voratak
2143,Marjorie,Kegular
2144,Jocelyn,Medicroix
2145,Melissa,Maineland
2146,Webster,Rodeology
2147,Nona,Gracker
2148,Gregory,Netility
2149,Alyssa,Farmage
2150,Mcdaniel,Permadyne
2151,Hoffman,Uneeq
2152,Kaitlin,Andershun
2153,Holland,Enerforce
2154,Colleen,Buzzness
2155,Rocha,Magmina
2156,Ferguson,Talkola
2157,Murphy,Zentury
2158,Blake,Equitox
2159,Fern,Splinx
2160,Schroeder,Mangelica
2161,Rivera,Crustatia
2162,Odessa,Eschoir
2163,Ginger,Geekko
2164,Celina,Tri@Tribalog
2165,Vaughn,Cemention
2166,Coleman,Techade
2167,Patterson,Slax
2168,Naomi,Otherway
2169,Christa,Insectus
2170,Irwin,Flumbo
2171,Sally,Geekola
2172,Gibson,Bristo
2173,Henry,Zanilla
2174,Weber,Cinaster
2175,Lauren,Biospan
2176,Molina,Imkan
2177,Russell,Petigems
2178,Allison,Bittor
2179,Ramona,Eventix
2180,Mari,Plexia
2181,Mitchell,Pasturia
2182,Charity,Megall
2183,Lynne,Geeknet
2184,Elsa,Zilch
2185,Diann,Futurity
2186,Sullivan,Savvy
2187,Gilda,Glukgluk
2188,Jessie,Quadeebo
2189,Lilia,Utara
2190,Hines,Tasmania
2191,Hurst,Ecolight
2192,Vilma,Gynko
2193,Rasmussen,Satiance
2194,Richardson,Diginetic
2195,Grace,Geekwagon
2196,Leah,Kineticut
2197,Hardy,Zilodyne
2198,Gallegos,Fibrodyne
2199,Mckinney,Mantrix
2200,Coleen,Endipin
2201,Dixon,Oceanica
2202,Liliana,Lingoage
2203,Angel,Furnitech
2204,Bates,Zenco
2205,Joyner,Recognia
2206,Angie,Telpod
2207,Cotton,Isologix
2208,Olive,Realmo
2209,Ebony,Zentry
2210,Sonia,Insurety
2211,Cooper,Elemantra
2212,Cleo,Dragbot
2213,Shirley,Everest
2214,Alexander,Zillacom
2215,Judith,Lunchpad
2216,Arnold,Gogol
2217,Erica,Rugstars
2218,Branch,Orbaxter
2219,Fay,Neptide
2220,Warner,Qualitern
2221,Pena,Acusage
2222,Simone,Virxo
2223,Tabatha,Stralum
2224,Parrish,Brainclip
2225,Lindsay,Providco
2226,Decker,Temorak
2227,June,Cowtown
2228,Robinson,Uncorp
2229,Preston,Bizmatic
2230,Edith,Norsul
2231,Merritt,Polarium
2232,Marcia,Zolavo
2233,Walters,Corepan
2234,Mann,Confrenzy
2235,Tisha,Interloo
2236,Winnie,Centregy
2237,Ericka,Aquasure
2238,Jana,Konnect
2239,Rojas,Paragonia
2240,Latasha,Mediot
2241,Nash,Aquasseur
2242,Lee,Fangold
2243,Blankenship,Sunclipse
2244,Aline,Tropolis
2245,Mueller,Cujo
2246,Letitia,Buzzopia
2247,Mills,Straloy
2248,Mamie,Enersave
2249,Booth,Prosely
2250,Kris,Applidec
2251,Conner,Anivet
2252,Joanne,Koffee
2253,Kristi,Zentix
2254,Swanson,Zoid
2255,Andrea,Extragen
2256,Blevins,Franscene
2257,Laurie,Pyramis
2258,Nikki,Indexia
2259,Harrell,Flyboyz
2260,Charlotte,Kog
2261,Tyson,Flexigen
2262,Elva,Adornica
2263,Stewart,Omatom
2264,Macdonald,Fishland
2265,Dawson,Insuron
2266,House,Netagy
2267,Tracey,Comtest
2268,Jodi,Magnemo
2269,Nixon,Zizzle
2270,Sherrie,Solgan
2271,Kathy,Atomica
2272,Morris,Gology
2273,Pugh,Vantage
2274,Inez,Ovium
2275,Phyllis,Genesynk
2276,Richard,Vidto
2277,Benjamin,Sensate
2278,Keri,Malathion
2279,Tammi,Niquent
2280,Sheree,Ontagene
2281,Teresa,Coash
2282,Todd,Greeker
2283,Irene,Zyple
2284,Margret,Zoinage
2285,Whitney,Zytrek
2286,Dorothea,Exostream
2287,Snow,Sequitur
2288,Banks,Zolarex
2289,Vasquez,Maroptic
2290,Erin,Atgen
2291,Maryellen,Comfirm
2292,Taylor,Farmex
2293,Madeleine,Assurity
2294,Finley,Orbin
2295,Lesley,Cytrex
2296,Allison,Jumpstack
2297,Carissa,Dogspa
2298,Olivia,Duflex
2299,Veronica,Slofast
2300,Mathis,Urbanshee
2301,Wilson,Snacktion
2302,Ruthie,Automon
2303,Eleanor,Quizmo
2304,Irma,Prowaste
2305,Yvonne,Codact
2306,Dorsey,Intrawear
2307,Maria,Accuprint
2308,Traci,Geeketron
2309,Osborn,Omnigog
2310,Bowen,Macronaut
2311,Hayden,Deepends
2312,Maldonado,Quarx
2313,Margie,Tetak
2314,Lisa,Amtas
2315,Farley,Overplex
2316,Horne,Zilphur
2317,Serena,Geekular
2318,Tania,Gushkool
2319,Claudine,Zaggles
2320,Karina,Wazzu
2321,Chapman,Comtrak
2322,Burt,Gluid
2323,Serrano,Opticall
2324,Walsh,Multiflex
2325,Billie,Ceprene
2326,Adriana,Terascape
2327,Hancock,Icology
2328,Rodgers,Recritube
2329,Madden,Sybixtex
2330,Guadalupe,Kiosk
2331,Jennifer,Zensure
2332,Flores,Snorus
2333,Hopper,Assistia
2334,Florence,Kraggle
2335,Joyce,Quonk
2336,Rutledge,Decratex
2337,Roxie,Exoteric
2338,Felecia,Comtent
2339,Romero,Liquicom
2340,Alejandra,Fossiel
2341,Letha,Qot
2342,Francine,Makingway
2343,Herminia,Grainspot
2344,Mccarty,Circum
2345,Erna,Isis
2346,Adkins,Zerology
2347,Brigitte,Bleendot
2348,Loretta,Telepark
2349,Prince,Buzzmaker
2350,Melody,Combogene
2351,Anna,Bolax
2352,Jenkins,Anixang
2353,Jody,Parcoe
2354,Buck,Reversus
2355,Dillon,Daido
2356,Rose,Isotronic
2357,Burris,Bleeko
2358,Patty,Endicil
2359,Joanna,Daisu
2360,Pratt,Calcula
2361,Maureen,Accupharm
2362,Sheila,Emtrak
2363,Carver,Coriander
2364,Olson,Euron
2365,Middleton,Multron
2366,Esperanza,Xerex
2367,Verna,Dreamia
2368,Reynolds,Caxt
2369,Janelle,Danja
2370,Christine,Letpro
2371,Dennis,Quilm
2372,Frances,Trollery
2373,Bobbi,Furnigeer
2374,Adrienne,Naxdis
2375,Vickie,Comtours
2376,Maxine,Obliq
2377,Luisa,Isologics
2378,Clarissa,Visualix
2379,Atkins,Immunics
2380,Viola,Idego
2381,Marci,Papricut
2382,Justine,Uxmox
2383,Ethel,Progenex
2384,Katheryn,Techmania
2385,Pearl,Aclima
2386,Frye,Boilicon
2387,Sosa,Printspan
2388,Powers,Insuresys
2389,Howell,Grupoli
2390,Simpson,Pyramax
2391,Josefina,Zillan
2392,Donna,Zipak
2393,Luz,Deminimum
2394,Imogene,Comdom
2395,Nelson,Bezal
2396,Carmela,Jimbies
2397,Marquita,Pearlesex
2398,Jenny,Slambda
2399,Shawn,Cubicide
2400,Cara,Geekus
2401,Lorene,Signidyne
2402,Harriet,Stelaecor
2403,Florine,Globoil
2404,Curtis,Verbus
2405,Mcdowell,Digirang
2406,Hilda,Stockpost
2407,Mckenzie,Centrexin
2408,Muriel,Kinetica
2409,Bonita,Yurture
2410,Carol,Genmy
2411,Janell,Uplinx
2412,Kaufman,Ovolo
2413,Horton,Qimonk
2414,Sharp,Protodyne
2415,Buckley,Rodeomad
2416,Valentine,Supportal
2417,Buchanan,Elentrix
2418,Quinn,Eplode
2419,Velazquez,Amril
2420,Hickman,Gaptec
2421,Esmeralda,Idetica
2422,Glenda,Xelegyl
2423,Brianna,Scenty
2424,Lara,Ludak
2425,Araceli,Furnafix
2426,Mary,Zillatide
2427,Stanley,Ovation
2428,Patrica,Zaya
2429,Hodge,Steelfab
2430,Lacey,Vertide
2431,Lavonne,Arctiq
2432,Nicole,Lexicondo
2433,Corinne,Essensia
2434,Stella,Columella
2435,Pope,Kongle
2436,Josefa,Cytrek
2437,Mercado,Acumentor
2438,Farmer,Powernet
2439,Ingram,Datacator
2440,Mona,Interfind
2441,Pat,Izzby
2442,Clemons,Insurity
2443,Jolene,Parleynet
2444,Wood,Noralex
2445,Karin,Bisba
2446,Fields,Helixo
2447,Morton,Spherix
2448,Lacy,Jetsilk
2449,Lakeisha,Limozen
2450,Nolan,Comtext
2451,Natalia,Zytrex
2452,Glenn,Nurplex
2453,Hendricks,Trasola
2454,Sandy,Isbol
2455,Phillips,Accidency
2456,Raymond,Gorganic
2457,Moody,Oulu
2458,Cash,Genekom
2459,Marguerite,Lyrichord
2460,Steele,Rotodyne
2461,Sutton,Zisis
2462,Paul,Dancerity
2463,Vonda,Teraprene
2464,Norris,Kidstock
2465,Jaclyn,Lunchpod
2466,Ashley,Nitracyr
2467,Herman,Mixers
2468,Townsend,Medalert
2469,Watson,Gronk
2470,Hubbard,Hyplex
2471,Cecilia,Ontality
2472,Deanna,Kyaguru
2473,Ray,Hairport
2474,Shawna,Enjola
2475,Bette,Architax
2476,April,Iplax
2477,Julie,Viasia
2478,Cain,Motovate
2479,Annmarie,Daycore
2480,Lana,Hometown
2481,Goodman,Opticon
2482,Diaz,Nurali
2483,Woodward,Apextri
2484,Guerrero,Digifad
2485,Betty,Hinway
2486,Sophia,Valpreal
2487,Bradshaw,Enquility
2488,Casey,Medmex
2489,Janna,Gynk
2490,Sallie,Genmex
2491,Mccullough,Oatfarm
2492,Skinner,Amtap
2493,Pace,Slumberia
2494,Lloyd,Kaggle
2495,Calderon,Miracula
2496,Montoya,Nipaz
2497,Rosetta,Xplor
2498,Jeanette,Microluxe
2499,Minerva,Pawnagra
2500,Kathleen,Portica
2501,Patricia,Minga
2502,Patrice,Bytrex
2503,Marietta,Aquazure
2504,Felicia,Magneato
2505,Reid,Zilla
2506,Jannie,Ecratic
2507,Lidia,Vortexaco
2508,Susanna,Photobin
2509,Jeanine,Zedalis
2510,Anthony,Suretech
2511,Dean,Pivitol
2512,Gretchen,Equicom
2513,Nanette,Pushcart
2514,Benson,Premiant
2515,Kirby,Thredz
2516,Figueroa,Intergeek
2517,Jill,Mazuda
2518,Hunt,Dyno
2519,Lindsey,Organica
2520,Estrada,Comcur
2521,Harriett,Eventex
2522,Jordan,Senmei
2523,Boyd,Boilcat
2524,Sweet,Emoltra
2525,Liza,Bitendrex
2526,Monroe,Kyagoro
2527,Kara,Rooforia
2528,Hope,Quantalia
2529,Terry,Polaria
2530,Eliza,Digial
2531,Beck,Octocore
2532,Cassie,Quility
2533,Tracy,Roboid
2534,Annie,Quilch
2535,Shelia,Knowlysis
2536,Patsy,Zentia
2537,Daphne,Remotion
2538,Milagros,Pathways
2539,Dolly,Katakana
2540,Davenport,Zappix
2541,Hewitt,Quordate
2542,Antoinette,Exozent
2543,Avila,Zensor
2544,Haley,Zinca
2545,Mccray,Cytrak
2546,Hebert,Nimon
2547,Livingston,Lyria
2548,Tiffany,Velos
2549,Huff,Ecrater
2550,Wiley,Singavera
2551,Blackburn,Kiggle
2552,Estella,Isotrack
2553,Vicky,Updat
2554,Amelia,Zytrac
2555,Mercer,Combot
2556,Alfreda,Glasstep
2557,Ayala,Zillanet
2558,Cynthia,Bicol
2559,Jeannine,Repetwire
2560,Jacobs,Inear
2561,Bridges,Pyrami
2562,Watkins,Nebulean
2563,Robbins,Earbang
2564,Deborah,Moltonic
2565,Jennie,Billmed
2566,Violet,Memora
2567,Ramsey,Sultrax
2568,Patel,Quantasis
2569,Rebekah,Freakin
2570,Loraine,Koogle
2571,Eloise,Flum
2572,Carpenter,Aquamate
2573,Elisabeth,Bedder
2574,Sloan,Zoxy
2575,Alice,Orbixtar
2576,Kristine,Zoarere
2577,Kline,Zaggle
2578,Schmidt,Assistix
2579,Sharlene,Housedown
2580,Selma,Zidox
2581,Cohen,Ebidco
2582,Jacobson,Puria
2583,Hobbs,Stucco
2584,Leslie,Xinware
2585,Jimenez,Newcube
2586,Manuela,Myopium
2587,Ortega,Velity
2588,Lindsay,Portaline
2589,Melisa,Magnafone
2590,Crane,Netbook
2591,Diana,Scentric
2592,Terri,Quarex
2593,Colon,Artiq
2594,Elsie,Steeltab
2595,Tommie,Edecine
2596,Fitzgerald,Qaboos
2597,Walter,Talendula
2598,Nora,Fitcore
2599,Rae,Viagrand
2600,Esther,Dadabase
2601,Ina,Gazak
2602,Gill,Obones
2603,Cherry,Paprikut
2604,Howard,Anarco
2605,Alyson,Strozen
2606,Gay,Isonus
2607,Lorraine,Schoolio
2608,Heidi,Calcu
2609,Ballard,Xeronk
2610,Oneil,Portico
2611,Boyle,Zomboid
2612,Roberson,Voipa
2613,Delores,Imaginart
2614,Henderson,Apexia
2615,Shelly,Retrack
2616,Warren,Lumbrex
2617,Michelle,Brainquil
2618,Katie,Keengen
2619,Stout,Twiist
2620,Collier,Proflex
2621,Cardenas,Zogak
2622,Melva,Zolar
2623,Janine,Dognost
2624,Fleming,Lotron
2625,Osborne,Accruex
2626,Rachelle,Sonique
2627,Hanson,Exoplode
2628,Valerie,Digitalus
2629,Holden,Zepitope
2630,Graves,Conjurica
2631,Elba,Fanfare
2632,Bennett,Zenolux
2633,Beatrice,Duoflex
2634,Eve,Bovis
2635,Potts,Xumonk
2636,Hinton,Lovepad
2637,Hudson,Xanide
2638,Faye,Viocular
2639,Jeannette,Klugger
2640,Humphrey,Zork
2641,Tara,Bedlam
2642,Ellen,Goko
2643,Justice,Rockyard
2644,Combs,Inrt
2645,Moreno,Geeky
2646,Bryan,Handshake
2647,Cleveland,Quintity
2648,Hull,Extrawear
2649,Geraldine,Verton
2650,Dotson,Biotica
2651,Petra,Magnina
2652,Lorie,Dognosis
2653,Dona,Volax
2654,Acevedo,Olympix
2655,Washington,Cognicode
2656,Klein,Waretel
2657,Walker,Animalia
2658,Ruth,Isologia
2659,Harrison,Idealis
2660,Schwartz,Harmoney
2661,Pearlie,Imageflow
2662,Chang,Firewax
2663,Roberts,Quonata
2664,Lelia,Futurize
2665,Joseph,Eyewax
2666,Welch,Ezentia
2667,Suzanne,Tingles
2668,Alison,Realysis
2669,Shannon,Namebox
2670,Yvette,Isodrive
2671,Latisha,Zilencio
2672,Stone,Mobildata
2673,Penny,Ozean
2674,Richards,Inquala
2675,Hunter,Marqet
2676,Mathews,Jamnation
2677,Campos,Illumity
2678,Faith,Geekol
2679,Sonya,Neteria
2680,Mcknight,Sentia
2681,Kristin,Nixelt
2682,Claudia,Elpro
2683,Logan,Otherside
2684,Myers,Zanity
2685,Carrie,Anacho
2686,Becker,Fleetmix
2687,Monique,Cyclonica
2688,Beverley,Medifax
2689,Lucille,Kengen
2690,Desiree,Exosis
2691,Dominique,Cofine
2692,Sawyer,Bunga
2693,Deidre,Netropic
2694,Gertrude,Medcom
2695,Bessie,Aquoavo
2696,Tamera,Proxsoft
2697,English,Assitia
2698,Bertha,Optique
2699,Atkinson,Olucore
2700,Janet,Accusage
2701,Kathrine,Zillacon
2702,Kent,Veraq
2703,Glass,Acium
2704,Byers,Inventure
2705,Julia,Xleen
2706,Molly,Golistic
2707,Tami,Supremia
2708,Maude,Miraclis
2709,Trina,Norsup
2710,Silvia,Zillar
2711,Kayla,Roughies
2712,Villarreal,Opportech
2713,Perry,Zensus
2714,Elizabeth,Buzzworks
2715,Cameron,Translink
2716,Faulkner,Rockabye
2717,Gale,Playce
2718,Margery,Baluba
2719,Kathryn,Zolarity
2720,White,Cogentry
2721,Jones,Pulze
2722,Shepherd,Ronbert
2723,Morse,Hawkster
2724,Hogan,Geekosis
2725,Shepard,Unia
2726,Tucker,Endipine
2727,Grant,Fuelworks
2728,Lynette,Digiprint
2729,Angela,Nikuda
2730,Bernice,Biohab
2731,Gallagher,Sustenza
2732,Baird,Isoternia
2733,James,Frolix
2734,Clarice,Rodemco
2735,Sanders,Wrapture
2736,Myra,Xyqag
2737,Greene,Syntac
2738,Tammy,Centuria
2739,Galloway,Mondicil
2740,Melanie,Pyramia
2741,Clements,Metroz
2742,Bradford,Fuelton
2743,Johns,Orbiflex
2744,Gross,Zidant
2745,Reyes,Canopoly
2746,Tamika,Genmom
2747,Helene,Avenetro
2748,Gayle,Qiao
2749,Amalia,Barkarama
2750,Claudette,Phuel
2751,Casey,Blanet
2752,Danielle,Poshome
2753,Hoover,Spacewax
2754,Dodson,Emtrac
2755,Yates,Cosmosis
2756,Gentry,Besto
2757,Stein,Pigzart
2758,Day,Orbalix
2759,Paulette,Blurrybus
2760,Dorothy,Corpulse
2761,Charmaine,Turnling
2762,Kane,Strezzo
2763,Mara,Isologica
2764,Yolanda,Speedbolt
2765,Mindy,Gadtron
2766,Willa,Comtrek
2767,Odonnell,Zilladyne
2768,Jami,Digique
2769,Vega,Opticom
2770,Rosa,Gallaxia
2771,Georgia,Venoflex
2772,Peck,Ecosys
2773,Miranda,Injoy
2774,Randi,Isosure
2775,Elinor,Empirica
2776,Natasha,Keeg
2777,Sylvia,Unisure
2778,Britney,Enomen
2779,Contreras,Isostream
2780,Angelita,Austech
2781,Cooke,Uniworld
2782,Elise,Digigene
2783,Hyde,Namegen
2784,Mcfadden,Kozgene
2785,Earline,Dogtown
2786,Tamra,Comvoy
2787,Moran,Mitroc
2788,Mcgowan,Comveyer
2789,Carey,Cinesanct
2790,Mason,Apex
2791,Audrey,Toyletry
2792,Copeland,Frenex
2793,Williamson,Combogen
2794,Lenore,Vixo
2795,Wiggins,Andryx
2796,Rosario,Terrasys
2797,Constance,Darwinium
2798,Kidd,Tourmania
2799,Laverne,Terrago
2800,Dolores,Yogasm
2801,Lorna,Geofarm
2802,Winifred,Zillactic
2803,Fischer,Polarax
2804,Clare,Quotezart
2805,Helga,Exoblue
2806,Erma,Poochies
2807,Rivers,Callflex
2808,Drake,Geekology
2809,Ruiz,Plutorque
2810,Pauline,Zorromop
2811,Alba,Earthwax
2812,Clarke,Cuizine
2813,Jamie,Eweville
2814,Jeanie,Vetron
2815,Wolfe,Liquidoc
2816,Brewer,Egypto
2817,Key,Nspire
2818,Candice,Dancity
2819,Sara,Comvene
2820,Edwina,Waterbaby
2821,Callahan,Ersum
2822,Massey,Capscreen
2823,Socorro,Conferia
2824,Alexandra,Avit
2825,Ines,Bitrex
2826,Kristina,Filodyne
2827,Odom,Imperium
2828,Black,Zaphire
2829,Jacklyn,Terragen
2830,Kim,Aquacine
2831,Peterson,Ezent
2832,Meredith,Valreda
2833,Shanna,Eclipsent
2834,Marilyn,Irack
2835,Geneva,Accufarm
2836,Jean,Zuvy
2837,Oconnor,Typhonica
2838,Knight,Enormo
2839,Ayers,Isopop
2840,Delgado,Pearlessa
2841,Lina,Eclipto
2842,Noelle,Sureplex
2843,Jackie,Maximind
2844,Mclaughlin,Eventage
2845,Davis,Hivedom
2846,Forbes,Skinserve
2847,Frankie,Quinex
2848,Mable,Entality
2849,Hawkins,Exovent
2850,Bush,Quailcom
2851,Slater,Evidends
2852,Thelma,Exospeed
2853,Claire,Cipromox
2854,Debora,Centree
2855,Gay,Peticular
2856,Mcgee,Kidgrease
2857,Kelsey,Zentime
2858,Sargent,Comstruct
2859,Randolph,Uni
2860,Stark,Ecstasia
2861,Dionne,Sloganaut
2862,Simon,Zaj
2863,Lakisha,Anocha
2864,Carly,Martgo
2865,Garner,Cormoran
2866,Enid,Podunk
2867,Guzman,Boink
2868,Zamora,Vitricomp
2869,Daisy,Zillidium
2870,Padilla,Twiggery
2871,Robin,Medesign
2872,Roth,Geoforma
2873,Kimberly,Zounds
2874,Hartman,Navir
2875,Park,Shadease
2876,Oliver,Orbean
2877,Meyers,Talae
2878,Keller,Rodeocean
2879,Alexis,Zerbina
2880,Ora,Digigen
2881,Franks,Datagene
2882,Hamilton,Colaire
2883,Rhodes,Netplode
2884,Mullins,Earthpure
2885,Reese,Radiantix
2886,Sampson,Exiand
2887,Lott,Bluplanet
2888,Reva,Telequiet
2889,Elaine,Krog
2890,Henson,Musaphics
2891,Bell,Recrisys
2892,Valencia,Zytrax
2893,Dunlap,Sealoud
2894,Best,Remold
2895,Tonia,Plasmos
2896,John,Aeora
2897,Lowe,Tropoli
2898,Kendra,Surelogic
2899,Stacy,Geekmosis
2900,Dena,Webiotic
2901,Consuelo,Marvane
2902,Aida,Soprano
2903,Gena,Grok
2904,Etta,Neurocell
2905,Hendrix,Emergent
2906,Blair,Nexgene
2907,Noble,Quiltigen
2908,Owen,Xoggle
2909,Jasmine,Beadzza
2910,Jenifer,Imant
2911,Torres,Netplax
2912,Stevens,Hatology
2913,Morrow,Enthaze
2914,Caroline,Collaire
2915,Natalie,Halap
2916,Lea,Tellifly
2917,Rachael,Zentility
2918,Ball,Menbrain
2919,Brooke,Candecor
2920,Roach,Zanymax
2921,Larsen,Extragene
2922,Berger,Renovize
2923,Holder,Eyeris
2924,Ophelia,Hotcakes
2925,Newton,Waab
2926,Clark,Equitax
2927,Lenora,Sulfax
2928,Compton,Electonic
2929,Lottie,Junipoor
2930,Benita,Homelux
2931,Kerr,Shopabout
2932,Queen,Qnekt
2933,Augusta,Kage
2934,Kirkland,Tubalum
2935,Lucy,Shepard
2936,George,Eternis
2937,Sharon,Flotonic
2938,Marcy,Vicon
2939,Trujillo,Softmicro
2940,Arline,Incubus
2941,Fernandez,Interodeo
2942,Nadine,Tripsch
2943,Leon,Sultraxin
2944,Ester,Accel
2945,Katharine,Quizka
2946,Stokes,Silodyne
2947,Salas,Cedward
2948,Marissa,Isoswitch
2949,Ashley,Manglo
2950,Deirdre,Ultrasure
2951,Vinson,Viagreat
2952,Erickson,Kongene
2953,Cooley,Fortean
2954,Adrian,Ronelon
2955,Monica,Sportan
2956,Sears,Xiix
2957,Ochoa,Affluex
2958,Kerri,Geostele
2959,Lou,Corporana
2960,Valeria,Orboid
2961,Leonor,Techtrix
2962,Addie,Kindaloo
2963,Allyson,Bulljuice
2964,Myrtle,Delphide
2965,Fitzpatrick,Manufact
2966,Gardner,Extremo
2967,Alisa,Cosmetex
2968,Martha,Comverges
2969,Burks,Portalis
2970,Shannon,Extro
2971,Watts,Infotrips
2972,Booker,Perkle
2973,Ana,Entogrok
2974,Navarro,Zeam
2975,Mai,Optyk
2976,Imelda,Visalia
2977,Singleton,Virva
2978,Gabriela,Isoplex
2979,Jeri,Applica
2980,Sharpe,Ecraze
2981,Espinoza,Luxuria
2982,Megan,Kangle
2983,Della,Rubadub
2984,Bartlett,Acrodance
2985,Belinda,Plasmox
2986,Alvarado,Enaut
2987,Ford,Micronaut
2988,Chelsea,Honotron
2989,Emerson,Artworlds
2990,Marcie,Vurbo
2991,Kemp,Ultrimax
2992,Krista,Zboo
2993,Latoya,Bugsall
2994,Davidson,Skyplex
2995,Solis,Ziore
2996,Crosby,Suremax
2997,Frieda,Autograte
2998,Jerri,Turnabout
2999,Foster,Pharmex
3000,Tim,SpringXD
